<?xml version="1.0" encoding="ISO-8859-1" ?>
<!DOCTYPE tiles-definitions PUBLIC
       "-//Apache Software Foundation//DTD Tiles Configuration 3.0//EN"
       "http://tiles.apache.org/dtds/tiles-config_3_0.dtd">
       
<tiles-definitions>
 <!-- ADMIN TEMPLATE -->
 
  <definition name="admin.template" template="/WEB-INF/templates/template.jsp">
    <put-attribute name="header" value="/WEB-INF/templates/header.jsp" />
    <put-attribute name="content" value="" />
    <put-attribute name="footer" value="/WEB-INF/templates/footer.jsp" />
  </definition>
  
   <definition name="admin.template.branch" template="/WEB-INF/templates/template.jsp">
    <put-attribute name="header" value="/WEB-INF/templates/inc/branch/header.jsp" />
    <put-attribute name="content" value="" />
    <put-attribute name="footer" value="/WEB-INF/templates/footer.jsp" />
  </definition>
  
  <definition name="admin.home.index" extends="admin.template">
    <put-attribute name="content" value="/WEB-INF/views/home/home.jsp" />
  </definition>
  
   <definition name="admin.staff_list.index" extends="admin.template">
    <put-attribute name="content" value="/WEB-INF/views/staff/staff_list.jsp" />
  </definition>
  
   <definition name="admin.setting.index" extends="admin.template">
    <put-attribute name="content" value="/WEB-INF/views/setting/setting.jsp" />
  </definition>
  
   <definition name="admin.schedule.index" extends="admin.template">
    <put-attribute name="content" value="/WEB-INF/views/schedule/schedule.jsp" />
  </definition>
  
   <definition name="admin.branch.index" extends="admin.template.branch">
    <put-attribute name="content" value="/WEB-INF/views/branch/index.jsp" />
  </definition>
  
  <!-- END ADMIN TEMPLATE -->
</tiles-definitions>